[
    {
       "Id": "1",
       "RestaurantName": "1770 House",
       "Address": "143 Main Street East Hampton, NY 11937",
       "Phone": "(631) 324-1770",
       "HoursOfOperation": "Open daily at 5:30 PM",
       "Price": "$50 and over",
       "USACityLocation": "East Hampton",
       "Cuisine": "Contemporary American",
       "FoodRating": "1.00",
       "ServiceRating": "4.00",
       "AmbienceRating": "3.00",
       "OverallRating": "2.50",
       "OverAllPossibleRating": "5.00",
       "End of Record Indicator": "!end"
    },
    {
       "Id": "2",
       "RestaurantName": "Arethusa al Tavolo",
       "Address": "828 Bantam Road Bantam, CT 06750",
       "Phone": "(860) 567-0043",
       "HoursOfOperation": "Wednesday & Thursday: 5:30PM - 9:00PM Friday & Saturday: 5:30PM - 10:00PM Sunday: 5:00PM - 8:30PM Saturday & Sunday Lunch: 11:30AM - 2:00PM",
       "Price": "$31 to $50",
       "USACityLocation": "Bantam",
       "Cuisine": "Contemporary American",
       "FoodRating": "3.00",
       "ServiceRating": "1.00",
       "AmbienceRating": "4.00",
       "OverallRating": "2.00",
       "OverAllPossibleRating": "5.00",
       "End of Record Indicator": "!end"
    },
    {
       "Id": "3",
       "RestaurantName": "Atera",
       "Address": "77 Worth St. New York, NY 10013",
       "Phone": "(212) 226-1444",
       "HoursOfOperation": "Lunch Sat 1:30 pmÐ3:00 pm Dinner TueÐSat 6:00 pmÐ11:30 pm",
       "Price": "$50 and over",
       "USACityLocation": "New York",
       "Cuisine": "Contemporary American",
       "FoodRating": "4.00",
       "ServiceRating": "5.00",
       "AmbienceRating": "4.00",
       "OverallRating": "4.00",
       "OverAllPossibleRating": "5.00",
       "End of Record Indicator": "!end"
    },
    {
       "Id": "4",
       "RestaurantName": "Barclay Prime",
       "Address": "237 South 18th Street Philadelphia, PA 19103",
       "Phone": "(215) 732-7560",
       "HoursOfOperation": "Sunday - Thursday: 5:00pm - 10:00pm, Friday - Saturday: 5:00pm - 11:00pm",
       "Price": "$50 and over",
       "USACityLocation": "Philadelphia",
       "Cuisine": "Steakhouse",
       "FoodRating": "3.00",
       "ServiceRating": "5.00",
       "AmbienceRating": "4.00",
       "OverallRating": "3.25",
       "OverAllPossibleRating": "5.00",
       "End of Record Indicator": "!end"
    },
    {
       "Id": "5",
       "RestaurantName": "Barrique Venice",
       "Address": "796 Main St Venice, CA 90291",
       "Phone": "(310) 399-9010",
       "HoursOfOperation": "Monday - Saturday: 5:30pm - 10:30pm, Sunday: 5:30pm - 9:30pm",
       "Price": "$30 and under",
       "USACityLocation": "Venice",
       "Cuisine": "Italian",
       "FoodRating": "2.00",
       "ServiceRating": "4.00",
       "AmbienceRating": "0.00",
       "OverallRating": "2.00",
       "OverAllPossibleRating": "5.00",
       "End of Record Indicator": "!end"
    },
    {
       "Id": "6",
       "RestaurantName": "Bavette's",
       "Address": "218 W. Kinzie St. Chicago, IL 60654",
       "Phone": "(312) 624-8154",
       "HoursOfOperation": "Monday-Thursday 5:00 PM - 11:00 PM Friday and Saturday 5:00 PM - 12:00 AM Sunday 5:00 PM - 10:00 PM",
       "Price": "$31 to $50",
       "USACityLocation": "Chicago",
       "Cuisine": "Steakhouse",
       "FoodRating": "1.00",
       "ServiceRating": "5.00",
       "AmbienceRating": "3.00",
       "OverallRating": "2.75",
       "OverAllPossibleRating": "5.00",
       "End of Record Indicator": "!end"
    },
    {
       "Id": "7",
       "RestaurantName": "Benu",
       "Address": "22 Hawthorne Street San Francisco, CA 94105",
       "Phone": "(415) 685-4860",
       "HoursOfOperation": "Dinner: Tuesday - Thursday, 5:30 - 8:30 pm Friday - Saturday, 5:30 - 9:00 pm",
       "Price": "$50 and over",
       "USACityLocation": "San Francisco",
       "Cuisine": "Contemporary American",
       "FoodRating": "2.00",
       "ServiceRating": "5.00",
       "AmbienceRating": "5.00",
       "OverallRating": "4.25",
       "OverAllPossibleRating": "5.00",
       "End of Record Indicator": "!end"
    },
    {
       "Id": "8",
       "RestaurantName": "Bida Manda Restaurant and Bar",
       "Address": "222 S. Blount St. Raleigh, NC 27601",
       "Phone": "(919) 829-9999",
       "HoursOfOperation": "Lunch: Monday to Friday 11:30am - 2:00pm Dinner: Monday to Thursday 5:00pm - 10:00pm, Friday and Saturday: 5:00pm - Midnight",
       "Price": "$30 and under",
       "USACityLocation": "Raleigh",
       "Cuisine": "Asian",
       "FoodRating": "3.00",
       "ServiceRating": "2.00",
       "AmbienceRating": "3.00",
       "OverallRating": "2.25",
       "OverAllPossibleRating": "5.00",
       "End of Record Indicator": "!end"
    },
    {
       "Id": "9",
       "RestaurantName": "Bones",
       "Address": "3130 Piedmont Road Atlanta, GA 30305",
       "Phone": "(404) 237-2663",
       "HoursOfOperation": "Lunch: Monday - Friday: 11:30am - 2:30pm Dinner: Sunday - Saturday: 5:30pm - 10:00pm",
       "Price": "$50 and over",
       "USACityLocation": "Atlanta",
       "Cuisine": "Steak",
       "FoodRating": "2.00",
       "ServiceRating": "5.00",
       "AmbienceRating": "2.00",
       "OverallRating": "2.50",
       "OverAllPossibleRating": "5.00",
       "End of Record Indicator": "!end"
    },
    {
       "Id": "10",
       "RestaurantName": "BONDST",
       "Address": "6 Bond Street New York, NY 10012",
       "Phone": "(212) 777-2500",
       "HoursOfOperation": "Dinner: Sunday, Monday & Tuesday: 6:00pm - 10:30pm, Wednesday & Thursday: 6:00pm - 11:00pm, Friday & Saturday: 6:00pm -11:00pm Lounge Hours: Sunday - Wednesday: 6:00pm - midnight, Thursday - Saturday: 6:00pm - 1:30am",
       "Price": "$50 and over",
       "USACityLocation": "New York",
       "Cuisine": "Japanese",
       "FoodRating": "3.00",
       "ServiceRating": "2.00",
       "AmbienceRating": "3.00",
       "OverallRating": "3.25",
       "OverAllPossibleRating": "5.00",
       "End of Record Indicator": "!end"
    },
    {
       "Id": "11",
       "RestaurantName": "Buccan",
       "Address": "350 South County Road Palm Beach, FL 33480",
       "Phone": "(561) 833-3450",
       "HoursOfOperation": "M-Th: 4:00pm* - 10:00pm (bar open until 1:00am) Fri: 4:00pm* - 11:00pm (bar open until 1:00am) Sat: 5:00pm - 11:00pm (bar open until 1:00am) Sun: 5:00pm until 10:00pm (bar open until 12:00am) *happy hour until 6:00pm.",
       "Price": "$31 to $50",
       "USACityLocation": "Palm Beach",
       "Cuisine": "Contemporary American",
       "FoodRating": "3.00",
       "ServiceRating": "4.00",
       "AmbienceRating": "0.00",
       "OverallRating": "1.75",
       "OverAllPossibleRating": "5.00",
       "End of Record Indicator": "!end"
    },
    {
       "Id": "12",
       "RestaurantName": "CafŽ Monarch",
       "Address": "6939 E 1st Avenue Scottsdale, AZ 85251",
       "Phone": "(480) 970-7682",
       "HoursOfOperation": "TueÐThu, Sun 5:30 pmÐ10:30 pm Fri, Sat 5:00 pmÐ12:00 am",
       "Price": "$50 and over",
       "USACityLocation": "Scottsdale",
       "Cuisine": "Contemporary American",
       "FoodRating": "0.00",
       "ServiceRating": "1.00",
       "AmbienceRating": "3.00",
       "OverallRating": "1.00",
       "OverAllPossibleRating": "5.00",
       "End of Record Indicator": "!end"
    },
    {
       "Id": "13",
       "RestaurantName": "Cafe Provence",
       "Address": "3936 W 69th Terr. Prairie Village, KS 66208",
       "Phone": "(913) 384-5998",
       "HoursOfOperation": "Lunch: Monday - Saturday: 11:00am - 2:30pm; Dinner: Monday - Thursday: 5:00pm - 9:00pm Friday-Saturday:5:00pm-10:00pm",
       "Price": "$31 to $50",
       "USACityLocation": "Prairie Village",
       "Cuisine": "French American",
       "FoodRating": "5.00",
       "ServiceRating": "2.00",
       "AmbienceRating": "4.00",
       "OverallRating": "2.75",
       "OverAllPossibleRating": "5.00",
       "End of Record Indicator": "!end"
    },
    {
       "Id": "14",
       "RestaurantName": "Charleston",
       "Address": "1000 Lancaster Street Baltimore, MD 21202",
       "Phone": "(410) 332-7373",
       "HoursOfOperation": "Dinner: Monday Ð Saturday: 5:30pm Ð 10:00pm",
       "Price": "$50 and over",
       "USACityLocation": "Baltimore",
       "Cuisine": "American",
       "FoodRating": "3.00",
       "ServiceRating": "3.00",
       "AmbienceRating": "2.00",
       "OverallRating": "3.25",
       "OverAllPossibleRating": "5.00",
       "End of Record Indicator": "!end"
    },
    {
       "Id": "15",
       "RestaurantName": "Charleston Grill",
       "Address": "224 King Street Charleston, SC 29401",
       "Phone": "(843) 577-4522",
       "HoursOfOperation": "Dinner: Sunday - Saturday: 5:30pm - 10:00pm Bar: 5:00pm Daily Live Jazz: Sunday - Thursday 7:00pm -11:00pm, Friday & Saturday 8:00pm - 12:00am",
       "Price": "$31 to $50",
       "USACityLocation": "Charleston",
       "Cuisine": "American",
       "FoodRating": "2.00",
       "ServiceRating": "2.00",
       "AmbienceRating": "3.00",
       "OverallRating": "2.50",
       "OverAllPossibleRating": "5.00",
       "End of Record Indicator": "!end"
    },
    {
       "Id": "16",
       "RestaurantName": "Chez Billy Sud",
       "Address": "1039 31st St NW Washington, DC 20007",
       "Phone": "(202) 965-2606",
       "HoursOfOperation": "Open for Lunch Tuesday through Friday 11:30 am - 2 pm Dinner Sunday, Monday, Tuesday, Wednesday and Thursday 5 until 10 pm Friday and Saturday 5 pm until 11 pm BRUNCH - Saturday & Sunday 11 am - 2 pm Wine Bar opens at 5pm daily",
       "Price": "$30 and under",
       "USACityLocation": "Washington",
       "Cuisine": "French",
       "FoodRating": "1.00",
       "ServiceRating": "3.00",
       "AmbienceRating": "0.00",
       "OverallRating": "1.25",
       "OverAllPossibleRating": "5.00",
       "End of Record Indicator": "!end"
    },
    {
       "Id": "17",
       "RestaurantName": "chi SPACCA",
       "Address": "6610 Melrose Ave. Los Angeles, CA 90038",
       "Phone": "(323) 297-1133",
       "HoursOfOperation": "Dinner: Friday, 6:00pm - 11:00pm Saturday, 5:00pm - 11:00pm Sunday - Thursday, 6:00pm - 10:00pm",
       "Price": "$50 and over",
       "USACityLocation": "Los Angeles",
       "Cuisine": "Contemporary Italian",
       "FoodRating": "3.00",
       "ServiceRating": "2.00",
       "AmbienceRating": "1.00",
       "OverallRating": "1.75",
       "OverAllPossibleRating": "5.00",
       "End of Record Indicator": "!end"
    },
    {
       "Id": "18",
       "RestaurantName": "Coppa",
       "Address": "253 Shawmut Avenue Boston, MA 02118",
       "Phone": "(617) 391-0902",
       "HoursOfOperation": "Brunch: Saturday & Sunday: 11:00am - 3:00pm; Lunch: Monday - Friday: 12:00pm - 5:00pm; Dinner: Sunday - Thursday: 5:00pm - 10:00pm, Friday & Saturday: 5:00pm - 11:00pm",
       "Price": "$31 to $50",
       "USACityLocation": "Boston",
       "Cuisine": "Italian",
       "FoodRating": "1.00",
       "ServiceRating": "2.00",
       "AmbienceRating": "3.00",
       "OverallRating": "1.75",
       "OverAllPossibleRating": "5.00",
       "End of Record Indicator": "!end"
    },
    {
       "Id": "19",
       "RestaurantName": "CRUST",
       "Address": "668 NW 5th St. Miami, FL 33128",
       "Phone": "(305) 371-7065",
       "HoursOfOperation": "Dinner TueÐSun 5:00 pmÐ10:00 pm Fri, Sat 5:00 pmÐ10:30 pm",
       "Price": "$30 and under",
       "USACityLocation": "Miami",
       "Cuisine": "Italian",
       "FoodRating": "5.00",
       "ServiceRating": "5.00",
       "AmbienceRating": "1.00",
       "OverallRating": "3.25",
       "OverAllPossibleRating": "5.00",
       "End of Record Indicator": "!end"
    },
    {
       "Id": "20",
       "RestaurantName": "Daniel",
       "Address": "60 East 65th St. New York, NY 10065",
       "Phone": "(212) 288-0033",
       "HoursOfOperation": "Please note: we will be closed for renovations from August 23rd to September 4th. We look forward to welcoming you back on Wednesday, September 5th Dinner: Monday - Thursday, 5:30pm -10:30pm Friday - Saturday, 5:00pm - 10:30pm _Reservations are accepted up to 60 days in advance.",
       "Price": "$50 and over",
       "USACityLocation": "New York",
       "Cuisine": "French",
       "FoodRating": "3.00",
       "ServiceRating": "4.00",
       "AmbienceRating": "3.00",
       "OverallRating": "3.75",
       "OverAllPossibleRating": "5.00",
       "End of Record Indicator": "!end"
    },
    {
       "Id": "21",
       "RestaurantName": "Del Posto",
       "Address": "85 10th Avenue New York, NY 10011",
       "Phone": "(212) 497-8090",
       "HoursOfOperation": "Lunch: Monday - Friday 12:00pm-2:00pm Dinner: Monday 5:30pm-10:00pm Tuesday - Friday 5:30pm-11:00pm Saturday 4:30pm-11:00pm Sunday 4:30pm-10:00pm",
       "Price": "$50 and over",
       "USACityLocation": "New York",
       "Cuisine": "Italian",
       "FoodRating": "0.00",
       "ServiceRating": "4.00",
       "AmbienceRating": "5.00",
       "OverallRating": "2.25",
       "OverAllPossibleRating": "5.00",
       "End of Record Indicator": "!end"
    },
    {
       "Id": "22",
       "RestaurantName": "Double Knot",
       "Address": "120 South 13th St. Philadelphia, PA 19107",
       "Phone": "(215) 631-3868",
       "HoursOfOperation": "Monday- Tuesday 5PM-10PM Wednesday- Thursday 5PM-11PM Friday-Saturday 5PM-12PM Sunday 5PM-9PM",
       "Price": "$30 and under",
       "USACityLocation": "Philadelphia",
       "Cuisine": "Sushi",
       "FoodRating": "5.00",
       "ServiceRating": "1.00",
       "AmbienceRating": "1.00",
       "OverallRating": "3.00",
       "OverAllPossibleRating": "5.00",
       "End of Record Indicator": "!end"
    },
    {
       "Id": "23",
       "RestaurantName": "Fishing With Dynamite",
       "Address": "1148 Manhattan Avenue Manhattan Beach, CA 90266",
       "Phone": "(310) 893-6299",
       "HoursOfOperation": "Brunch Saturday & Sunday: 10am - 2:00pm Lunch Saturday & Sunday: 10am - 5:00pm; Monday-Friday: 11:30am - 5:00pm Dinner Sunday - Wednesday: 5:00pm - 10:00pm; Thursday - Saturday: 5:00pm - 10:30pm; Bar Later",
       "Price": "$31 to $50",
       "USACityLocation": "Manhattan Beach",
       "Cuisine": "Seafood",
       "FoodRating": "1.00",
       "ServiceRating": "2.00",
       "AmbienceRating": "1.00",
       "OverallRating": "1.75",
       "OverAllPossibleRating": "5.00",
       "End of Record Indicator": "!end"
    },
    {
       "Id": "24",
       "RestaurantName": "Frances",
       "Address": "3870 17th Street San Francisco, CA 94114",
       "Phone": "(415) 621-3870",
       "HoursOfOperation": "Dinner: Sunday, Tuesday-Thursday, 5:00pm - 10:00pm Friday & Saturday, 5:00pm-10:30pm Closed Mondays.",
       "Price": "$30 and under",
       "USACityLocation": "San Francisco",
       "Cuisine": "Californian",
       "FoodRating": "3.00",
       "ServiceRating": "1.00",
       "AmbienceRating": "0.00",
       "OverallRating": "1.75",
       "OverAllPossibleRating": "5.00",
       "End of Record Indicator": "!end"
    },
    {
       "Id": "25",
       "RestaurantName": "Gabriel Kreuther",
       "Address": "41 W. 42nd St. New York, NY 10036",
       "Phone": "(212) 257-5826",
       "HoursOfOperation": "Lunch: Monday-Friday 12PM to 2:30PM Dinner: Monday-Thursday 5:30PM to 10:00PM Friday & Saturday 5:30PM-10:30PM",
       "Price": "$50 and over",
       "USACityLocation": "New York",
       "Cuisine": "French American",
       "FoodRating": "2.00",
       "ServiceRating": "3.00",
       "AmbienceRating": "0.00",
       "OverallRating": "2.00",
       "OverAllPossibleRating": "5.00",
       "End of Record Indicator": "!end"
    },
    {
       "Id": "26",
       "RestaurantName": "Geronimo",
       "Address": "724 Canyon Road Santa Fe, NM 87501",
       "Phone": "(505) 982-1500",
       "HoursOfOperation": "Dinner Every Night: 5:30pm - 9:30pm",
       "Price": "$31 to $50",
       "USACityLocation": "Santa Fe",
       "Cuisine": "Fusion / Eclectic",
       "FoodRating": "2.00",
       "ServiceRating": "0.00",
       "AmbienceRating": "2.00",
       "OverallRating": "2.00",
       "OverAllPossibleRating": "5.00",
       "End of Record Indicator": "!end"
    },
    {
       "Id": "27",
       "RestaurantName": "Girl & the Goat",
       "Address": "809 W Randolph Chicago, IL 60607",
       "Phone": "(312) 492-6262",
       "HoursOfOperation": "Dinner: Monday - Friday, 4:30pm - 11:00pm Saturday & Sunday, 4:30pm - 12:00am",
       "Price": "$30 and under",
       "USACityLocation": "Chicago",
       "Cuisine": "Contemporary American",
       "FoodRating": "2.00",
       "ServiceRating": "4.00",
       "AmbienceRating": "3.00",
       "OverallRating": "2.50",
       "OverAllPossibleRating": "5.00",
       "End of Record Indicator": "!end"
    },
    {
       "Id": "28",
       "RestaurantName": "Giulia Restaurant",
       "Address": "1682 Massachusetts Ave Cambridge, MA 02138",
       "Phone": "(617) 441-2800",
       "HoursOfOperation": "Dinner: Monday - Thursday: 5:30pm - 9:30pm, Friday & Saturday: 5:30pm - 10:30pm",
       "Price": "$31 to $50",
       "USACityLocation": "Cambridge",
       "Cuisine": "Italian",
       "FoodRating": "0.00",
       "ServiceRating": "5.00",
       "AmbienceRating": "1.00",
       "OverallRating": "2.25",
       "OverAllPossibleRating": "5.00",
       "End of Record Indicator": "!end"
    },
    {
       "Id": "29",
       "RestaurantName": "Gramercy Tavern",
       "Address": "42 E. 20th St New York, NY 10003",
       "Phone": "(212) 477-0777",
       "HoursOfOperation": "NEW YEAR'S EVE - PLEASE CALL THE RESTAURANT OR VISIT OUR WEBSITE DIRECTLY TO BOOK FOR THIS EVENT. Gramercy Tavern accepts reservations for the Main Dining Room beginning at 10:00 a.m., 7 days a week, 28 days in advance. We do not take reservations for our Tavern area. Main Dining Room: Lunch daily: 11:30am - 2:00pm serving an a la carte menu Dinner: Sunday - Thursday: 5:00pm - 9:45pm, pre-fixe menu Friday - Saturday: 5:00pm - 10:30pm pre-fixe menu Tavern Room: Serving an a la carte menu continuously Sunday - Thursday 11:30am - 11:00pm Friday - Saturday: 11:30am - midnight",
       "Price": "$50 and over",
       "USACityLocation": "New York",
       "Cuisine": "American",
       "FoodRating": "3.00",
       "ServiceRating": "0.00",
       "AmbienceRating": "3.00",
       "OverallRating": "2.00",
       "OverAllPossibleRating": "5.00",
       "End of Record Indicator": "!end"
    },
    {
       "Id": "30",
       "RestaurantName": "The Grill - The Ritz-Carlton, Naples",
       "Address": "280 Vanderbilt Beach Road Naples, FL 34108",
       "Phone": "(239) 598-6644",
       "HoursOfOperation": "Serving dinner Sunday - Thursday 6 pm - 10 pm Friday and Saturday 5:30 pm - 10 pm",
       "Price": "$31 to $50",
       "USACityLocation": "Naples",
       "Cuisine": "Steakhouse",
       "FoodRating": "5.00",
       "ServiceRating": "1.00",
       "AmbienceRating": "2.00",
       "OverallRating": "2.00",
       "OverAllPossibleRating": "5.00",
       "End of Record Indicator": "!end"
    },
    {
       "Id": "31",
       "RestaurantName": "Halls Chophouse",
       "Address": "434 King St. Charleston, SC 29403",
       "Phone": "(843) 727-0090",
       "HoursOfOperation": "Dinner: Sunday - Thursday: 5:00pm - 11:00pm, Friday & Saturday: 5:00pm - Midnight, Sunday Brunch: 10:00am-2:00pm. Bar is open Monday - Saturday starting at 4pm to close and 10:00am to close on Sundays!",
       "Price": "$31 to $50",
       "USACityLocation": "Charleston",
       "Cuisine": "Steakhouse",
       "FoodRating": "2.00",
       "ServiceRating": "1.00",
       "AmbienceRating": "0.00",
       "OverallRating": "1.25",
       "OverAllPossibleRating": "5.00",
       "End of Record Indicator": "!end"
    },
    {
       "Id": "32",
       "RestaurantName": "Harold Black",
       "Address": "212 7th St SE Washington, DC 20003",
       "Phone": "(202) 627-0994",
       "HoursOfOperation": "TueÐThu 5:30 pmÐ1:00 am Fri, Sat 5:30 pmÐ2:00 am",
       "Price": "$30 and under",
       "USACityLocation": "Washington",
       "Cuisine": "American",
       "FoodRating": "5.00",
       "ServiceRating": "4.00",
       "AmbienceRating": "0.00",
       "OverallRating": "3.00",
       "OverAllPossibleRating": "5.00",
       "End of Record Indicator": "!end"
    },
    {
       "Id": "33",
       "RestaurantName": "Heirloom Cafe",
       "Address": "2500 Folsom St San Francisco, CA 94110",
       "Phone": "(415) 821-2500",
       "HoursOfOperation": "Dinner: Tuesday-Thursday, 5:45pm - 9:30pm Friday & Saturday, 5:45pm - 10:00pm Closed Sunday & Monday",
       "Price": "$30 and under",
       "USACityLocation": "San Francisco",
       "Cuisine": "Californian",
       "FoodRating": "1.00",
       "ServiceRating": "3.00",
       "AmbienceRating": "0.00",
       "OverallRating": "1.50",
       "OverAllPossibleRating": "5.00",
       "End of Record Indicator": "!end"
    },
    {
       "Id": "34",
       "RestaurantName": "Hersh's",
       "Address": "1843 Light Street Baltimore, MD 21230",
       "Phone": "(443) 438-4948",
       "HoursOfOperation": "Dinner: Monday, Wednesday & Thursday: 5:00 pm - 10:00 pm Friday & Saturday: 5:00 pm - 11:00 pm Sunday: Dinner 5:00 pm - 9:00 pm Closed: Thanksgiving, Christmas Eve, Christmas Day and New Year's Day.",
       "Price": "$31 to $50",
       "USACityLocation": "Baltimore",
       "Cuisine": "Italian",
       "FoodRating": "2.00",
       "ServiceRating": "3.00",
       "AmbienceRating": "0.00",
       "OverallRating": "1.75",
       "OverAllPossibleRating": "5.00",
       "End of Record Indicator": "!end"
    },
    {
       "Id": "35",
       "RestaurantName": "Highlands Bar & Grill",
       "Address": "2011 11th Avenue South Birmingham, AL 35205",
       "Phone": "(205) 939-1400",
       "HoursOfOperation": "Tuesday through Saturday, dinner 5:30-10:00 Bar opens at 4:00 Tuesday through Friday, and 5:00 Saturday.",
       "Price": "$50 and over",
       "USACityLocation": "Birmingham",
       "Cuisine": "Contemporary Southern",
       "FoodRating": "0",
       "ServiceRating": "0",
       "AmbienceRating": "0",
       "OverallRating": "0",
       "OverAllPossibleRating": "5.00",
       "End of Record Indicator": "!end"
    },
    {
       "Id": "36",
       "RestaurantName": "The Inn at Little Washington",
       "Address": "309 Middle St. Washington, VA 22747",
       "Phone": "(540) 675-3800",
       "HoursOfOperation": "Dinner: Monday, Wednesday, Thursday: 6:00pm - 8:00pm, Friday - Sunday: 5:00pm - 9:00pm",
       "Price": "$50 and over",
       "USACityLocation": "Washington",
       "Cuisine": "American",
       "FoodRating": "2.00",
       "ServiceRating": "5.00",
       "AmbienceRating": "5.00",
       "OverallRating": "3.25",
       "OverAllPossibleRating": "5.00",
       "End of Record Indicator": "!end"
    },
    {
       "Id": "37",
       "RestaurantName": "Joe's Seafood, Prime Steak & Stone Crab",
       "Address": "60 East Grand Avenue Chicago, IL 60611",
       "Phone": "(312) 379-5637",
       "HoursOfOperation": "Lunch Menus: Saturday 11:00am - 4:00pm Sunday 11:00am - 4:00pm Lunch Menu: Monday - Friday: 11:30am - 4:00pm Dinner Menu: Monday - Thursday: 4:00pm - 11:00pm Friday - Saturday: 4:00pm - 12:00am Sunday: 4:00pm - 10:30pm",
       "Price": "$50 and over",
       "USACityLocation": "Multiple Locations",
       "Cuisine": "Seafood",
       "FoodRating": "3.00",
       "ServiceRating": "5.00",
       "AmbienceRating": "3.00",
       "OverallRating": "3.50",
       "OverAllPossibleRating": "5.00",
       "End of Record Indicator": "!end"
    },
    {
       "Id": "38",
       "RestaurantName": "JUNGSIK",
       "Address": "2 Harrison St. New York, NY 10013",
       "Phone": "(212) 219-0900",
       "HoursOfOperation": "MonÐThu 5:30 pmÐ10:30 pm Fri, Sat 5:00 pmÐ10:30 pm Sun 5:00 pmÐ10:00 pm",
       "Price": "$50 and over",
       "USACityLocation": "New York",
       "Cuisine": "Korean",
       "FoodRating": "4.00",
       "ServiceRating": "0.00",
       "AmbienceRating": "1.00",
       "OverallRating": "2.50",
       "OverAllPossibleRating": "5.00",
       "End of Record Indicator": "!end"
    },
    {
       "Id": "39",
       "RestaurantName": "Kinship",
       "Address": "1015 Seventh Street NW Washington, DC 20001",
       "Phone": "(202) 737-7700",
       "HoursOfOperation": "Dinner: Sunday - Wednesday: 5:30pm - 9:30pm, Thursday - Saturday: 5:30pm - 10:00pm",
       "Price": "$50 and over",
       "USACityLocation": "Washington",
       "Cuisine": "American",
       "FoodRating": "1.00",
       "ServiceRating": "5.00",
       "AmbienceRating": "1.00",
       "OverallRating": "3.00",
       "OverAllPossibleRating": "5.00",
       "End of Record Indicator": "!end"
    },
    {
       "Id": "40",
       "RestaurantName": "Koi",
       "Address": "730 N La Cienega Blvd West Hollywood, CA 90069",
       "Phone": "(310) 659-9449",
       "HoursOfOperation": "Dinner: Sunday: 6:00pm - 10:00pm Monday - Thursday: 6:00pm - 11:00pm Friday - Saturday: 6:00pm - 11:30pm",
       "Price": "$31 to $50",
       "USACityLocation": "West Hollywood",
       "Cuisine": "Japanese",
       "FoodRating": "3.00",
       "ServiceRating": "0.00",
       "AmbienceRating": "0.00",
       "OverallRating": "2.00",
       "OverAllPossibleRating": "5.00",
       "End of Record Indicator": "!end"
    },
    {
       "Id": "41",
       "RestaurantName": "Kokkari Estiatorio",
       "Address": "200 Jackson St. San Francisco, CA 94111",
       "Phone": "(415) 981-0983",
       "HoursOfOperation": "Lunch: Monday - Friday, 11:30am -2:30pm Dinner: Monday - Thursday, 5:30pm - 10:00pm Friday, 5:30pm -11:00pm Saturday, 5:00pm - 11:00pm Sunday, 5:00pm - 10:00pm Bar Menu: Monday - Friday, 2:30pm - 5:30pm",
       "Price": "$31 to $50",
       "USACityLocation": "San Francisco",
       "Cuisine": "Mediterranean",
       "FoodRating": "2.00",
       "ServiceRating": "5.00",
       "AmbienceRating": "0.00",
       "OverallRating": "1.75",
       "OverAllPossibleRating": "5.00",
       "End of Record Indicator": "!end"
    },
    {
       "Id": "42",
       "RestaurantName": "L'Auberge Chez Francois",
       "Address": "332 Springvale Road Great Falls, VA 22066",
       "Phone": "(703) 759-3800",
       "HoursOfOperation": "Lunch: Tuesday Ð Saturday: 11:30am Ð 1:30pm' Sunday: 12:00pm Ð 3:00pm Dinner: Tuesday Ð Friday: 5:00pm Ð 9:00pm Saturday: 4:30pm Ð 9:30pm Sunday: 12:00pm Ð 7:30pm",
       "Price": "$50 and over",
       "USACityLocation": "Great Falls",
       "Cuisine": "French",
       "FoodRating": "5.00",
       "ServiceRating": "5.00",
       "AmbienceRating": "1.00",
       "OverallRating": "3.50",
       "OverAllPossibleRating": "5.00",
       "End of Record Indicator": "!end"
    },
    {
       "Id": "43",
       "RestaurantName": "La Grotta",
       "Address": "2637 Peachtree Rd. NE Atlanta, GA 30305",
       "Phone": "(404) 231-1368",
       "HoursOfOperation": "Dinner: Monday - Thursday: 5:45 PM - 9:30 PM, Friday - Saturday: 5:45 PM - 10:30 PM",
       "Price": "$31 to $50",
       "USACityLocation": "Atlanta",
       "Cuisine": "Italian",
       "FoodRating": "1.00",
       "ServiceRating": "2.00",
       "AmbienceRating": "5.00",
       "OverallRating": "2.75",
       "OverAllPossibleRating": "5.00",
       "End of Record Indicator": "!end"
    },
    {
       "Id": "44",
       "RestaurantName": "Lahaina Grill",
       "Address": "127 Lahainaluna Rd. Lahaina, HI 96761",
       "Phone": "(808) 667-5117",
       "HoursOfOperation": "Serving Dinner Nightly from 5:00 p.m.",
       "Price": "$50 and over",
       "USACityLocation": "Lahaina",
       "Cuisine": "American",
       "FoodRating": "1.00",
       "ServiceRating": "3.00",
       "AmbienceRating": "1.00",
       "OverallRating": "1.25",
       "OverAllPossibleRating": "5.00",
       "End of Record Indicator": "!end"
    },
    {
       "Id": "45",
       "RestaurantName": "LArtusi",
       "Address": "228 West 10th Street New York, NY 10014",
       "Phone": "(212) 255-5757",
       "HoursOfOperation": "Brunch: Sundays: 11:00am - 3:00pm Dinner: Sunday - Thursday: 5:30pm - 11:00pm, Friday - Saturday: 5:30pm - 12:00am Private Party Facilities: L'Artusi can accommodate both small and large groups for private dining. For parties of nine or more, please contact our event coordinator for more information.",
       "Price": "$31 to $50",
       "USACityLocation": "New York",
       "Cuisine": "Italian",
       "FoodRating": "1.00",
       "ServiceRating": "5.00",
       "AmbienceRating": "2.00",
       "OverallRating": "3.25",
       "OverAllPossibleRating": "5.00",
       "End of Record Indicator": "!end"
    },
    {
       "Id": "46",
       "RestaurantName": "Le Bilboquet - Dallas",
       "Address": "4514 Travis Street Suite 124 Dallas, TX 75205",
       "Phone": "(469) 730-2937",
       "HoursOfOperation": "Monday - Thursday - 11:00am - 10:00pm Friday - 11:00am - 11:00pm Saturday - 10:30am - 4:00pm and 5:00pm - 11:00pm Sunday - 10:30am - 4:00pm and 5:00pm - 10:00pm",
       "Price": "$31 to $50",
       "USACityLocation": "Dallas",
       "Cuisine": "French",
       "FoodRating": "2.00",
       "ServiceRating": "4.00",
       "AmbienceRating": "1.00",
       "OverallRating": "2.50",
       "OverAllPossibleRating": "5.00",
       "End of Record Indicator": "!end"
    },
    {
       "Id": "47",
       "RestaurantName": "Le Coucou",
       "Address": "138 Lafayette st. New York, NY 10013",
       "Phone": "(212) 271-4252",
       "HoursOfOperation": "Breakfast: Monday - Friday 7:00AM - 10:30AM Breakfast: Saturday & Sunday 7:00AM - 10:00AM Lunch: Monday - Friday 11:30AM - 2:00PM Lunch: Saturday & Sunday 11:00AM - 2:00PM Dinner: Sunday 5:00PM - 10:00PM Dinner: Monday - Saturday 5:00PM - 11:00PM",
       "Price": "$50 and over",
       "USACityLocation": "New York",
       "Cuisine": "French",
       "FoodRating": "5.00",
       "ServiceRating": "3.00",
       "AmbienceRating": "2.00",
       "OverallRating": "3.50",
       "OverAllPossibleRating": "5.00",
       "End of Record Indicator": "!end"
    },
    {
       "Id": "48",
       "RestaurantName": "Le Diplomate",
       "Address": "1601 14th St. NW Washington, DC 20009",
       "Phone": "(202) 332-3333",
       "HoursOfOperation": "Sunday to Thursday 5:00PM to 11:00PM Friday & Saturday 5:00PM to 12:00AM Saturday & Sunday Brunch 10:00AM to 3:00PM",
       "Price": "$31 to $50",
       "USACityLocation": "Washington",
       "Cuisine": "French",
       "FoodRating": "0.00",
       "ServiceRating": "0.00",
       "AmbienceRating": "0.00",
       "OverallRating": "0.00",
       "OverAllPossibleRating": "5.00",
       "End of Record Indicator": "!end"
    },
    {
       "Id": "49",
       "RestaurantName": "Le Vallauris",
       "Address": "385 West Tahquitz Canyon Way Palm Springs, CA 92262",
       "Phone": "(760) 325-5059",
       "HoursOfOperation": "Lunch Fri, Sat 11:30 amÐ2:00 pm Brunch Sun 11:30 amÐ2:00 pm Dinner Daily 5:00 pmÐ10:00 pm",
       "Price": "$50 and over",
       "USACityLocation": "Palm Springs",
       "Cuisine": "French",
       "FoodRating": "5.00",
       "ServiceRating": "5.00",
       "AmbienceRating": "5.00",
       "OverallRating": "5.00",
       "OverAllPossibleRating": "5.00",
       "End of Record Indicator": "!end"
    },
    {
       "Id": "50",
       "RestaurantName": "Linwoods",
       "Address": "25 Crossroads Drive Owings Mills, MD 21117",
       "Phone": "(410) 356-3030",
       "HoursOfOperation": "Lunch: Monday - Friday: 11:30am - 3:00pm; Dinner: Monday - Thursday: 5:30pm - 10:00pm, Friday & Saturday: 5:30pm - 11:00pm, Sunday: 5:00pm - 9:00pm",
       "Price": "$31 to $50",
       "USACityLocation": "Owings Mills",
       "Cuisine": "Contemporary American",
       "FoodRating": "5.00",
       "ServiceRating": "2.00",
       "AmbienceRating": "2.00",
       "OverallRating": "3.50",
       "OverAllPossibleRating": "5.00",
       "End of Record Indicator": "!end"
    },
    {
       "Id": "51",
       "RestaurantName": "Mama's Fish House",
       "Address": "799 Poho Place Paia, HI 96779",
       "Phone": "(808) 579-8488",
       "HoursOfOperation": "Reservations from 11:00 a.m. to 9:00 p.m. For reservations larger than 4, please contact the restaurant directly. *In an effort to preserve the ambiance for our more intimate diners, we do not accept bookings for split parties. If you do book split large groups online, please keep in mind that they will be treated as separate reservations. Mahalo! Priority seating is given to those with reservations. Specific tables, such as windows, may not be reserved in advance. Same Menu is served all day in the dining room and Bar/lounge Bar/lounge seating for walk-ins, based on availability from 11:00 am to close. **If you wish to use a taxi service for transportation to and from the restaurant, please plan ahead for your departure from the restaurant as it may take 30 to 45 minutes for a taxi to arrive. Inform your server and they will be happy to assist you. **Services such as Uber & Lyft are limited in our area, especially in the evening.",
       "Price": "$50 and over",
       "USACityLocation": "Paia",
       "Cuisine": "Hawaiian",
       "FoodRating": "1.00",
       "ServiceRating": "0.00",
       "AmbienceRating": "5.00",
       "OverallRating": "2.00",
       "OverAllPossibleRating": "5.00",
       "End of Record Indicator": "!end"
    },
    {
       "Id": "52",
       "RestaurantName": "Marc Forgione",
       "Address": "134 Reade Street New York, NY 10013",
       "Phone": "(212) 941-9401",
       "HoursOfOperation": "Monday -Thurs 5:00PM-10PM Friday- Saturday 5:00pm - 10:45pm Sunday 5:00pm-10:00pm",
       "Price": "$31 to $50",
       "USACityLocation": "New York",
       "Cuisine": "Contemporary American",
       "FoodRating": "0.00",
       "ServiceRating": "5.00",
       "AmbienceRating": "5.00",
       "OverallRating": "2.75",
       "OverAllPossibleRating": "5.00",
       "End of Record Indicator": "!end"
    },
    {
       "Id": "53",
       "RestaurantName": "Marcel's by Robert Wiedmaier",
       "Address": "2401 Pennsylvania Ave. Washington, DC 20037",
       "Phone": "(202) 296-1166",
       "HoursOfOperation": "Dinner: Sunday 5:00pm - 9:30pm; Mon-Thurs 5:00pm - 10:00pm; Fri-Sat 5:00pm - 11:00pm Sunday Brunch: 11:30pm -2:30pm Bar Open Later on Weekends",
       "Price": "$50 and over",
       "USACityLocation": "Washington",
       "Cuisine": "French",
       "FoodRating": "1.00",
       "ServiceRating": "0.00",
       "AmbienceRating": "0.00",
       "OverallRating": "0.50",
       "OverAllPossibleRating": "5.00",
       "End of Record Indicator": "!end"
    },
    {
       "Id": "54",
       "RestaurantName": "Marea",
       "Address": "240 Central Park South New York, NY 10019",
       "Phone": "(212) 582-5100",
       "HoursOfOperation": "Lunch: Monday - Friday: 11:45am - 2:30pm ; Dinner: Monday - Thursday: 5:30pm - 11:00pm, Friday - Saturday: 5:00pm - 11:30pm, Sunday: 5:00pm - 10:30pm Brunch - Saturday and Sunday 11:30 - 2:30 (daily limited bar menu from 2:30 until dinner)",
       "Price": "$31 to $50",
       "USACityLocation": "New York",
       "Cuisine": "Italian",
       "FoodRating": "2.00",
       "ServiceRating": "5.00",
       "AmbienceRating": "5.00",
       "OverallRating": "4.00",
       "OverAllPossibleRating": "5.00",
       "End of Record Indicator": "!end"
    },
    {
       "Id": "55",
       "RestaurantName": "Market Restaurant and Bar",
       "Address": "3702 Via de la Valle Del Mar, CA 92014",
       "Phone": "(858) 523-0007",
       "HoursOfOperation": "Our bar opens daily for Cocktails at 5:00 pm. Dinner is served nightly. Sushi Served nightly in the Bar and Lounge. Sunday - Thursday, 5:30pm - 9:30pm. Friday - Saturday, 5:30pm - 10:00pm.",
       "Price": "$31 to $50",
       "USACityLocation": "Del Mar",
       "Cuisine": "Contemporary American",
       "FoodRating": "5.00",
       "ServiceRating": "1.00",
       "AmbienceRating": "0.00",
       "OverallRating": "2.50",
       "OverAllPossibleRating": "5.00",
       "End of Record Indicator": "!end"
    },
    {
       "Id": "56",
       "RestaurantName": "Mistral - Sherman Oaks",
       "Address": "13422 Ventura Blvd. Sherman Oaks, CA 91423",
       "Phone": "(818) 981-6650",
       "HoursOfOperation": "Lunch: Monday-Friday: 11:30AM - 2:30PM; Dinner: Monday - Thursday: 5:30PM - 10:00PM Friday & Saturday: 5:30PM- 10:30PM Sunday: 5:00PM - 8:30PM",
       "Price": "$31 to $50",
       "USACityLocation": "Sherman Oaks",
       "Cuisine": "French",
       "FoodRating": "1.00",
       "ServiceRating": "0.00",
       "AmbienceRating": "4.00",
       "OverallRating": "1.75",
       "OverAllPossibleRating": "5.00",
       "End of Record Indicator": "!end"
    },
    {
       "Id": "57",
       "RestaurantName": "The Modern - Bar Room and Dining Room",
       "Address": "9 West 53rd Street New York, NY 10019",
       "Phone": "(212) 333-1220",
       "HoursOfOperation": "Monday - Wednesday: 11:30 a.m. - 10:00 p.m. Thursday - Saturday: 11:30 a.m. - 10:30 p.m. Sunday: 11:30 a.m. - 9:00 p.m.",
       "Price": "$31 to $50",
       "USACityLocation": "New York",
       "Cuisine": "Contemporary American",
       "FoodRating": "5.00",
       "ServiceRating": "0.00",
       "AmbienceRating": "4.00",
       "OverallRating": "2.50",
       "OverAllPossibleRating": "5.00",
       "End of Record Indicator": "!end"
    },
    {
       "Id": "58",
       "RestaurantName": "Momofuku Ko",
       "Address": "8 Extra Place New York, NY 10003",
       "Phone": "(212) 203-8095",
       "HoursOfOperation": "Lunch: Friday & Saturday, 12:30pm-1:00pm; Sunday (starting March 4th, 2018) Dinner: Tuesday through Saturday: First seating 5:45pm - 6:30pm, Second seating 9:00pm - 9:30pm Bar: walk in only. Tuesday through Thursday 5:00pm - 11:30pm; Friday and Saturday 3:00pm - 11:30pm.",
       "Price": "$50 and over",
       "USACityLocation": "New York",
       "Cuisine": "American",
       "FoodRating": "1.00",
       "ServiceRating": "2.00",
       "AmbienceRating": "2.00",
       "OverallRating": "2.00",
       "OverAllPossibleRating": "5.00",
       "End of Record Indicator": "!end"
    },
    {
       "Id": "59",
       "RestaurantName": "Neighborhood Services",
       "Address": "5027 W Lovers Ln Dallas, TX 75209",
       "Phone": "(214) 350-5027",
       "HoursOfOperation": "Dinner: Monday - Thursday: 5:00pm - 10:00pm; Friday - Saturday: 5:00pm - 11:00pm;",
       "Price": "$30 and under",
       "USACityLocation": "Dallas",
       "Cuisine": "American",
       "FoodRating": "1.00",
       "ServiceRating": "2.00",
       "AmbienceRating": "0.00",
       "OverallRating": "1.50",
       "OverAllPossibleRating": "5.00",
       "End of Record Indicator": "!end"
    },
    {
       "Id": "60",
       "RestaurantName": "Orchids at Palm Court",
       "Address": "Hilton Cincinnati 35 West Fifth Street Cincinnati, OH 45202",
       "Phone": "(513) 564-6465",
       "HoursOfOperation": "Monday and Tuesday: CLOSED Wednesday through Sunday 5:30pm-10:00pm; Afternoon Tea (First Saturday of the month) 2:00pm-4:00pm",
       "Price": "$50 and over",
       "USACityLocation": "Cincinnati",
       "Cuisine": "Contemporary American",
       "FoodRating": "3.00",
       "ServiceRating": "0.00",
       "AmbienceRating": "4.00",
       "OverallRating": "2.25",
       "OverAllPossibleRating": "5.00",
       "End of Record Indicator": "!end"
    },
    {
       "Id": "61",
       "RestaurantName": "Oriole",
       "Address": "661 W. Walnut St. Chicago, IL 60661",
       "Phone": "(312) 877-5339",
       "HoursOfOperation": "Dinner: Tuesday-Saturday, 5:30-9:30pm",
       "Price": "$50 and over",
       "USACityLocation": "Chicago",
       "Cuisine": "Contemporary American",
       "FoodRating": "1.00",
       "ServiceRating": "4.00",
       "AmbienceRating": "1.00",
       "OverallRating": "1.50",
       "OverAllPossibleRating": "5.00",
       "End of Record Indicator": "!end"
    },
    {
       "Id": "62",
       "RestaurantName": "Parc",
       "Address": "227 South 18th Street Philadelphia, PA 19103",
       "Phone": "(215) 545-2262",
       "HoursOfOperation": "Breakfast: Monday thru Friday: 7:30am - 11:00am Lunch: Monday thru Friday: 11:00am - 3:00pm Brunch: Saturday and Sunday: 10:00am - 3:00pm L'Apres Midi: Every day: 3:00pm - 5:00pm Dinner: Monday - Thursday: 5:00pm - 11:00pm, Friday - Saturday: 5:00pm - 12:00am, Sunday 5:00pm - 10:00pm **A note from the restaurant** Outside seating is on a first come, first serve basis.",
       "Price": "$30 and under",
       "USACityLocation": "Philadelphia",
       "Cuisine": "French",
       "FoodRating": "0.00",
       "ServiceRating": "2.00",
       "AmbienceRating": "2.00",
       "OverallRating": "2.25",
       "OverAllPossibleRating": "5.00",
       "End of Record Indicator": "!end"
    },
    {
       "Id": "63",
       "RestaurantName": "Per Se",
       "Address": "10 Columbus Circle New York, NY 10019",
       "Phone": "(212) 823-9335",
       "HoursOfOperation": "Lunch: Friday - Sunday: 11:30am - 1:00pm; Dinner Nightly: 5:30pm - 9:30pm",
       "Price": "$50 and over",
       "USACityLocation": "New York",
       "Cuisine": "American",
       "FoodRating": "1.00",
       "ServiceRating": "1.00",
       "AmbienceRating": "2.00",
       "OverallRating": "1.00",
       "OverAllPossibleRating": "5.00",
       "End of Record Indicator": "!end"
    },
    {
       "Id": "64",
       "RestaurantName": "The Polo Bar",
       "Address": "1 E. 55th St. New York, NY 10022",
       "Phone": "(212) 207-8562",
       "HoursOfOperation": "5:00pm to 10:30pm Tuesday through Saturday 5:00pm to 10:00pm Sunday and Monday",
       "Price": "$31 to $50",
       "USACityLocation": "New York",
       "Cuisine": "American",
       "FoodRating": "1.00",
       "ServiceRating": "3.00",
       "AmbienceRating": "0.00",
       "OverallRating": "1.25",
       "OverAllPossibleRating": "5.00",
       "End of Record Indicator": "!end"
    },
    {
       "Id": "65",
       "RestaurantName": "Polo Lounge @ The Beverly Hills Hotel",
       "Address": "9641 Sunset Blvd. Beverly Hills, CA 90210",
       "Phone": "(310) 887-2777",
       "HoursOfOperation": "Open 7:00am to 11:00pm daily Please be advised that the hotel is currently undergoing a kitchen renovation until July 31st. During this time, a limited menu featuring hot and cold items will be offered in the Polo Lounge and through In-Room Dining. There will also be some intermittent noise disruption in select areas of the hotel on weekdays between 8 am and 4 pm as a result of this renovation program.",
       "Price": "$50 and over",
       "USACityLocation": "Beverly Hills",
       "Cuisine": "American",
       "FoodRating": "3.00",
       "ServiceRating": "3.00",
       "AmbienceRating": "2.00",
       "OverallRating": "3.25",
       "OverAllPossibleRating": "5.00",
       "End of Record Indicator": "!end"
    },
    {
       "Id": "66",
       "RestaurantName": "PRESS",
       "Address": "587 St. Helena Hwy (Hwy 29) St. Helena, CA 94574",
       "Phone": "(707) 967-0550",
       "HoursOfOperation": "Dinner Service : Wednesday Ð Monday 5:00 PM Ð 10:00 PM Closed Tuesday Bar Service : Wednesday Ð Monday 5:00 PM Ð 10:00 PM",
       "Price": "$50 and over",
       "USACityLocation": "St. Helena",
       "Cuisine": "Steakhouse",
       "FoodRating": "0.00",
       "ServiceRating": "0.00",
       "AmbienceRating": "4.00",
       "OverallRating": "1.50",
       "OverAllPossibleRating": "5.00",
       "End of Record Indicator": "!end"
    },
    {
       "Id": "67",
       "RestaurantName": "Quince",
       "Address": "470 Pacific Avenue San Francisco, CA 94133",
       "Phone": "(415) 775-8500",
       "HoursOfOperation": "Dinner: Monday - Thursday, 5:30 pm - 9:00 pm Friday - Saturday, 5:00 pm - 9:30 pm",
       "Price": "$50 and over",
       "USACityLocation": "San Francisco",
       "Cuisine": "Californian",
       "FoodRating": "1.00",
       "ServiceRating": "3.00",
       "AmbienceRating": "5.00",
       "OverallRating": "2.25",
       "OverAllPossibleRating": "5.00",
       "End of Record Indicator": "!end"
    },
    {
       "Id": "68",
       "RestaurantName": "Raoul's",
       "Address": "180 Prince St. New York, NY 10012",
       "Phone": "(212) 966-3518",
       "HoursOfOperation": "Dinner: Sunday-Thursday: 5:30pm - 12:00am Dinner: Friday-Saturday: 5:30pm - 1:00am Weekend Brunch:Saturday-Sunday:11:30am-3:30pm",
       "Price": "$31 to $50",
       "USACityLocation": "New York",
       "Cuisine": "Contemporary French",
       "FoodRating": "5.00",
       "ServiceRating": "3.00",
       "AmbienceRating": "3.00",
       "OverallRating": "3.00",
       "OverAllPossibleRating": "5.00",
       "End of Record Indicator": "!end"
    },
    {
       "Id": "69",
       "RestaurantName": "Rasika",
       "Address": "633 D Street, NW Washington, DC 20004",
       "Phone": "(202) 637-1222",
       "HoursOfOperation": "Lunch: Monday - Friday: 11:30am - 2:30pm, Dinner: Monday - Thursday: 5:30pm - 10:30pm, Friday - Saturday: 5:00pm - 11:00pm",
       "Price": "$31 to $50",
       "USACityLocation": "Washington",
       "Cuisine": "Indian",
       "FoodRating": "3.00",
       "ServiceRating": "5.00",
       "AmbienceRating": "5.00",
       "OverallRating": "4.50",
       "OverAllPossibleRating": "5.00",
       "End of Record Indicator": "!end"
    },
    {
       "Id": "70",
       "RestaurantName": "Restaurant L",
       "Address": "301 E 4th Street Cincinnati, OH 45202",
       "Phone": "(513) 760-5525",
       "HoursOfOperation": "Dinner Tuesday thru Thursday 5:30-9:30 Dinner Friday & Saturday 5:30-10:30 Lunch Fridays 11:30-2:00 Bar & Lounge open 5 till 12am",
       "Price": "$50 and over",
       "USACityLocation": "Cincinnati",
       "Cuisine": "French",
       "FoodRating": "4.00",
       "ServiceRating": "4.00",
       "AmbienceRating": "3.00",
       "OverallRating": "3.00",
       "OverAllPossibleRating": "5.00",
       "End of Record Indicator": "!end"
    },
    {
       "Id": "71",
       "RestaurantName": "Riccardo Enoteca",
       "Address": "2116 N Clark St Chicago, IL 60614",
       "Phone": "(773) 549-5010",
       "HoursOfOperation": "4pm to 9pm Sunday 5pm to 10pm Monday through Thursday 5pm to 11pm Friday and Saturday",
       "Price": "$30 and under",
       "USACityLocation": "Chicago",
       "Cuisine": "Italian",
       "FoodRating": "2.00",
       "ServiceRating": "2.00",
       "AmbienceRating": "2.00",
       "OverallRating": "2.25",
       "OverAllPossibleRating": "5.00",
       "End of Record Indicator": "!end"
    },
    {
       "Id": "72",
       "RestaurantName": "Rich Table",
       "Address": "199 Gough Street San Francisco, CA 94118",
       "Phone": "(415) 355-9085",
       "HoursOfOperation": "Dinner: Daily, 5pm - 10:30pm",
       "Price": "$31 to $50",
       "USACityLocation": "San Francisco",
       "Cuisine": "Californian",
       "FoodRating": "5.00",
       "ServiceRating": "2.00",
       "AmbienceRating": "3.00",
       "OverallRating": "3.50",
       "OverAllPossibleRating": "5.00",
       "End of Record Indicator": "!end"
    },
    {
       "Id": "73",
       "RestaurantName": "RL Restaurant",
       "Address": "115 E Chicago Ave Chicago, IL 60611",
       "Phone": "(312) 475-1100",
       "HoursOfOperation": "Brunch: Sunday 10:00am-5:00pm Lunch: Monday - Saturday: 11:00am-5:00pm; Dinner: Sunday - Thursday: 5:00pm - 10:00pm, Friday - Saturday: 5:00pm-11:00pm",
       "Price": "$31 to $50",
       "USACityLocation": "Chicago",
       "Cuisine": "American",
       "FoodRating": "1.00",
       "ServiceRating": "2.00",
       "AmbienceRating": "1.00",
       "OverallRating": "1.75",
       "OverAllPossibleRating": "5.00",
       "End of Record Indicator": "!end"
    },
    {
       "Id": "74",
       "RestaurantName": "RPM Restaurants - Multiple Locations",
       "Address": "52 West Illinois Chicago, IL 60654",
       "Phone": "(312) 222-1888",
       "HoursOfOperation": "Dinner: Monday-Thursday, 4:00 pm - 11:00 pm Friday, 4:00 pm - 12:00 am Saturday, 3:00 pm - 12:00 am Sunday, 12:00 pm - 11:00 pm",
       "Price": "$30 and under",
       "USACityLocation": "Chicago",
       "Cuisine": "Italian",
       "FoodRating": "3.00",
       "ServiceRating": "2.00",
       "AmbienceRating": "1.00",
       "OverallRating": "1.75",
       "OverAllPossibleRating": "5.00",
       "End of Record Indicator": "!end"
    },
    {
       "Id": "75",
       "RestaurantName": "Rudy & Paco Restaurant & Bar",
       "Address": "2028 Postoffice Street Galveston, TX 77550",
       "Phone": "(409) 762-3696",
       "HoursOfOperation": "Lunch: Monday - Friday: 11:00am - 2:00pm; Dinner: Monday - Wednesday: 5:00pm - 9:00pm, Thursday: 5:00pm - 9:00pm, Friday - Saturday: 5:00pm - 10:00pm",
       "Price": "$31 to $50",
       "USACityLocation": "Galveston",
       "Cuisine": "Seafood",
       "FoodRating": "4.00",
       "ServiceRating": "0.00",
       "AmbienceRating": "3.00",
       "OverallRating": "1.75",
       "OverAllPossibleRating": "5.00",
       "End of Record Indicator": "!end"
    },
    {
       "Id": "76",
       "RestaurantName": "Ruth's Chris Steak House - Baton Rouge",
       "Address": "4836 Constitution Avenue Baton Rouge, LA 70808",
       "Phone": "(225) 925-0163",
       "HoursOfOperation": "Lunch: Monday - Friday: 11:30am - 300pm Dinner: Monday - Friday: 3:00pm - 10:30pm, Saturday: 4:00pm - 10:30pm",
       "Price": "$50 and over",
       "USACityLocation": "Baton Rouge",
       "Cuisine": "Steakhouse",
       "FoodRating": "4.00",
       "ServiceRating": "1.00",
       "AmbienceRating": "1.00",
       "OverallRating": "2.25",
       "OverAllPossibleRating": "5.00",
       "End of Record Indicator": "!end"
    },
    {
       "Id": "77",
       "RestaurantName": "The Saddle River Inn",
       "Address": "2 Barnstable Court Saddle River, NJ 07458",
       "Phone": "(201) 825-4016",
       "HoursOfOperation": "Tuesday - Thursday 5:30pm-9:30 pm Friday - Saturday 5pm - 10:00 pm",
       "Price": "$31 to $50",
       "USACityLocation": "Saddle River",
       "Cuisine": "French",
       "FoodRating": "1.00",
       "ServiceRating": "3.00",
       "AmbienceRating": "4.00",
       "OverallRating": "2.50",
       "OverAllPossibleRating": "5.00",
       "End of Record Indicator": "!end"
    },
    {
       "Id": "78",
       "RestaurantName": "Saint Jacques French Cuisine",
       "Address": "6112 Falls of Neuse Rd. Raleigh, NC 27609",
       "Phone": "(919) 862-2770",
       "HoursOfOperation": "Lunch: Tuesday - Saturday: 11:30am - 2:00pm; Dinner: Tuesday - Thursday: 5:30pm - 9:30pm, Friday: 5:00pm - 10:00pm, Saturday 5:00pm-10:00pm",
       "Price": "$31 to $50",
       "USACityLocation": "Raleigh",
       "Cuisine": "French",
       "FoodRating": "5.00",
       "ServiceRating": "1.00",
       "AmbienceRating": "2.00",
       "OverallRating": "3.25",
       "OverAllPossibleRating": "5.00",
       "End of Record Indicator": "!end"
    },
    {
       "Id": "79",
       "RestaurantName": "Shinsei Restaurant",
       "Address": "7713 Inwood Rd. Dallas, TX 75209",
       "Phone": "(214) 352-0005",
       "HoursOfOperation": "Dinner: Monday - Thursday: 5:00pm - 10:00pm and Friday-Saturday: 5:00pm - 11:00pm, Shinsei does not accept reservations between 6:30pm - 9:00pm. Between 6:30pm - 9:00pm please come for dinner between these times as it is first come first serve. Lunch: Open Friday from 11:00 to 2:00",
       "Price": "$30 and under",
       "USACityLocation": "Dallas",
       "Cuisine": "Asian",
       "FoodRating": "0.00",
       "ServiceRating": "2.00",
       "AmbienceRating": "0.00",
       "OverallRating": "1.00",
       "OverAllPossibleRating": "5.00",
       "End of Record Indicator": "!end"
    },
    {
       "Id": "80",
       "RestaurantName": "SHU - Sushi House Unico - Bel Air",
       "Address": "2932 1/2 Beverly Glen Circle Bel Air, CA 90077",
       "Phone": "(310) 474-2740",
       "HoursOfOperation": "LUNCH: Monday-Friday: 12:00pm to 3:00pm Saturday-Sunday: CLOSED for lunch. DINNER: Sunday-Thursday: 5:00pm to 10:00pm Friday and Saturday: 5:00pm to 10:30pm",
       "Price": "$31 to $50",
       "USACityLocation": "Bel Air",
       "Cuisine": "Sushi",
       "FoodRating": "0.00",
       "ServiceRating": "3.00",
       "AmbienceRating": "2.00",
       "OverallRating": "2.00",
       "OverAllPossibleRating": "5.00",
       "End of Record Indicator": "!end"
    },
    {
       "Id": "81",
       "RestaurantName": "Sotto",
       "Address": "118 E. 6th St. Cincinnati, OH 45202",
       "Phone": "(513) 977-6886",
       "HoursOfOperation": "Sunday: 4:00pm-9:00pm Monday-Thursday: 11:00am-2:00pm, 5:00pm-10:00pm Friday: 11:00am-2:00pm, 5:00pm-11:00pm Saturday: 5:00pm-11:00pm",
       "Price": "$30 and under",
       "USACityLocation": "Cincinnati",
       "Cuisine": "Italian",
       "FoodRating": "1.00",
       "ServiceRating": "4.00",
       "AmbienceRating": "0.00",
       "OverallRating": "1.25",
       "OverAllPossibleRating": "5.00",
       "End of Record Indicator": "!end"
    },
    {
       "Id": "82",
       "RestaurantName": "Spinasse",
       "Address": "1531 14th Avenue Seattle, WA 98122",
       "Phone": "(206) 251-7673",
       "HoursOfOperation": "Dinner: Sunday - Thursday: 5:00pm - 10:00pm, Friday - Saturday: 5:00pm - 11:00pm",
       "Price": "$31 to $50",
       "USACityLocation": "Seattle",
       "Cuisine": "Italian",
       "FoodRating": "1.00",
       "ServiceRating": "3.00",
       "AmbienceRating": "2.00",
       "OverallRating": "2.25",
       "OverAllPossibleRating": "5.00",
       "End of Record Indicator": "!end"
    },
    {
       "Id": "83",
       "RestaurantName": "St. Francis Winery & Vineyards",
       "Address": "100 Pythian Road Santa Rosa, CA 95409",
       "Phone": "(800) 795-6674",
       "HoursOfOperation": "Thursday-Monday Seatings at 11am, 1pm, 3pm Closed: Tuesday & Wednesday",
       "Price": "$50 and over",
       "USACityLocation": "Santa Rosa",
       "Cuisine": "Californian",
       "FoodRating": "1.00",
       "ServiceRating": "1.00",
       "AmbienceRating": "4.00",
       "OverallRating": "2.00",
       "OverAllPossibleRating": "5.00",
       "End of Record Indicator": "!end"
    },
    {
       "Id": "84",
       "RestaurantName": "Steve & Cookie's By the Bay",
       "Address": "9700 Amherst Ave. Margate, NJ 08402",
       "Phone": "(609) 823-1163",
       "HoursOfOperation": "Dinner Hours: Sunday - Thursday: 5:00pm - 9:30pm, Friday - Saturday: 5:00pm - 10:00pm",
       "Price": "$31 to $50",
       "USACityLocation": "Margate",
       "Cuisine": "American",
       "FoodRating": "5.00",
       "ServiceRating": "3.00",
       "AmbienceRating": "0.00",
       "OverallRating": "2.75",
       "OverAllPossibleRating": "5.00",
       "End of Record Indicator": "!end"
    },
    {
       "Id": "85",
       "RestaurantName": "Stonehouse at San Ysidro Ranch",
       "Address": "",
       "Phone": "",
       "HoursOfOperation": "",
       "Price": "",
       "USACityLocation": "Santa Barbara",
       "Cuisine": "Contemporary American",
       "FoodRating": "0",
       "ServiceRating": "0",
       "AmbienceRating": "0",
       "OverallRating": "0",
       "OverAllPossibleRating": "5.00",
       "End of Record Indicator": "!end"
    },
    {
       "Id": "86",
       "RestaurantName": "Sushi Nakazawa - Sushi Bar",
       "Address": "23 Commerce St. New York, NY 10014",
       "Phone": "(212) 924-2212",
       "HoursOfOperation": "Lunch is served everyday in 2 seatings: 11:30am and 11:45am 1:00pm and 1:15pm Reservations are available for 1-4 guests for lunch. Dinner is served everyday in 3 seatings: 5:00pm 7:15pm 9:30pm Reservations can only be made for parties of 2 for dinner.",
       "Price": "$50 and over",
       "USACityLocation": "New York",
       "Cuisine": "Sushi",
       "FoodRating": "5.00",
       "ServiceRating": "4.00",
       "AmbienceRating": "3.00",
       "OverallRating": "3.75",
       "OverAllPossibleRating": "5.00",
       "End of Record Indicator": "!end"
    },
    {
       "Id": "87",
       "RestaurantName": "The Table at Season To Taste",
       "Address": "2447 Massachusetts Cambridge, MA 02140",
       "Phone": "(617) 871-9468",
       "HoursOfOperation": "Tuesday - Saturday: 5:30pm - 10:00pm",
       "Price": "$50 and over",
       "USACityLocation": "Cambridge",
       "Cuisine": "Contemporary French / American",
       "FoodRating": "1.00",
       "ServiceRating": "2.00",
       "AmbienceRating": "3.00",
       "OverallRating": "2.50",
       "OverAllPossibleRating": "5.00",
       "End of Record Indicator": "!end"
    },
    {
       "Id": "88",
       "RestaurantName": "TalulaÕs Garden",
       "Address": "210 West Washington Square Philadelphia, PA 19106",
       "Phone": "(215) 592-7787",
       "HoursOfOperation": "Dinner: Sunday - Thursday: 5:00pm - 10:00pm, Friday - Saturday: 5:00pm - 11:00pm; Sunday Brunch 10:00am - 2:00pm.",
       "Price": "$31 to $50",
       "USACityLocation": "Philadelphia",
       "Cuisine": "American",
       "FoodRating": "2.00",
       "ServiceRating": "4.00",
       "AmbienceRating": "3.00",
       "OverallRating": "3.25",
       "OverAllPossibleRating": "5.00",
       "End of Record Indicator": "!end"
    },
    {
       "Id": "89",
       "RestaurantName": "The Metro Wine Bar & Bistro",
       "Address": "6418 N Western Ave Oklahoma City, OK 73116",
       "Phone": "(405) 840-9463",
       "HoursOfOperation": "Lunch: Monday - Friday: 11:30am - 5:30pm Dinner: Monday - Thursday: 5:30pm - 10:00pm, Friday- Saturday: 5:30pm - 11:00pm, Sunday: 5:30pm - 9:00pm",
       "Price": "$30 and under",
       "USACityLocation": "Oklahoma City",
       "Cuisine": "Contemporary American",
       "FoodRating": "5.00",
       "ServiceRating": "4.00",
       "AmbienceRating": "2.00",
       "OverallRating": "3.75",
       "OverAllPossibleRating": "5.00",
       "End of Record Indicator": "!end"
    },
    {
       "Id": "90",
       "RestaurantName": "Toscana",
       "Address": "11633 San Vicente Blvd Los Angeles, CA 90049",
       "Phone": "(310) 820-2448",
       "HoursOfOperation": "Lunch: Monday - Saturday: 11:30am - 3:00pm; Dinnner: Monday - Saturday: 5:30pm -11:00pm, Sunday: Lunch 11:30 am - 2:00 pm. Dinner 5:00pm - 10:00pm",
       "Price": "$50 and over",
       "USACityLocation": "Los Angeles",
       "Cuisine": "Italian",
       "FoodRating": "5.00",
       "ServiceRating": "5.00",
       "AmbienceRating": "0.00",
       "OverallRating": "2.50",
       "OverAllPossibleRating": "5.00",
       "End of Record Indicator": "!end"
    },
    {
       "Id": "91",
       "RestaurantName": "Townsend",
       "Address": "1623 E. Passyunk Ave Philadelphia, PA 19148",
       "Phone": "(267) 639-3203",
       "HoursOfOperation": "Dinner: Monday & Wednesday - Sunday: 5:00pm - 10:00pm",
       "Price": "$31 to $50",
       "USACityLocation": "Philadelphia",
       "Cuisine": "Contemporary French",
       "FoodRating": "2.00",
       "ServiceRating": "5.00",
       "AmbienceRating": "4.00",
       "OverallRating": "3.75",
       "OverAllPossibleRating": "5.00",
       "End of Record Indicator": "!end"
    },
    {
       "Id": "92",
       "RestaurantName": "True Food Kitchen - Chicago",
       "Address": "1 W Erie Street Chicago, IL 60654",
       "Phone": "(312) 204-6981",
       "HoursOfOperation": "Mon - Thurs: 11am - 10pm Fri: 11am - 11pm Sat: 10am - 11pm Sun: 10am - 9pm Brunch: Sat & Sun | 10am - 3pm",
       "Price": "$30 and under",
       "USACityLocation": "Chicago",
       "Cuisine": "Mediterranean",
       "FoodRating": "2.00",
       "ServiceRating": "1.00",
       "AmbienceRating": "5.00",
       "OverallRating": "2.25",
       "OverAllPossibleRating": "5.00",
       "End of Record Indicator": "!end"
    },
    {
       "Id": "93",
       "RestaurantName": "Uchi - Dallas",
       "Address": "2817 Maple Ave Dallas, TX 75201",
       "Phone": "(214) 855-5454",
       "HoursOfOperation": "Dinner Only Sunday - Thursday: 5:00PM - 10:00PM Friday - Saturday: 5:00PM - 11:00PM",
       "Price": "$31 to $50",
       "USACityLocation": "Dallas",
       "Cuisine": "Sushi",
       "FoodRating": "2.00",
       "ServiceRating": "0.00",
       "AmbienceRating": "4.00",
       "OverallRating": "2.75",
       "OverAllPossibleRating": "5.00",
       "End of Record Indicator": "!end"
    },
    {
       "Id": "94",
       "RestaurantName": "UMI",
       "Address": "3050 Peachtree Rd Atlanta, GA 30305",
       "Phone": "(404) 841-0040",
       "HoursOfOperation": "Monday - Thursday Dinner: 5:30-10:30 PM Friday & Saturday Dinner: 5:30-11:00 PM",
       "Price": "$31 to $50",
       "USACityLocation": "Atlanta",
       "Cuisine": "Sushi",
       "FoodRating": "5.00",
       "ServiceRating": "4.00",
       "AmbienceRating": "4.00",
       "OverallRating": "4.25",
       "OverAllPossibleRating": "5.00",
       "End of Record Indicator": "!end"
    },
    {
       "Id": "95",
       "RestaurantName": "Upland",
       "Address": "345 Park Avenue South New York, NY 10010",
       "Phone": "(212) 686-1006",
       "HoursOfOperation": "DINNER Sunday: 5:00PM to 10:00PM Monday - Saturday: 5:00PM to 11:00PM LUNCH Monday - Friday: 11:30AM to 3:00PM BRUNCH Saturday + Sunday: 10:00AM to 3:00PM",
       "Price": "$50 and over",
       "USACityLocation": "New York",
       "Cuisine": "Contemporary American",
       "FoodRating": "2.00",
       "ServiceRating": "3.00",
       "AmbienceRating": "1.00",
       "OverallRating": "1.50",
       "OverAllPossibleRating": "5.00",
       "End of Record Indicator": "!end"
    },
    {
       "Id": "96",
       "RestaurantName": "Vernick Food & Drink",
       "Address": "2031 Walnut Street Philadelphia, PA 19103",
       "Phone": "(267) 639-6644",
       "HoursOfOperation": "Dinner: Tuesday-Sunday 5:00pm - 11:00pm Bar: Tuesday-Sunday 4:30pm - 1:00am Monday: CLOSED",
       "Price": "$30 and under",
       "USACityLocation": "Philadelphia",
       "Cuisine": "American",
       "FoodRating": "2.00",
       "ServiceRating": "1.00",
       "AmbienceRating": "5.00",
       "OverallRating": "2.00",
       "OverAllPossibleRating": "5.00",
       "End of Record Indicator": "!end"
    },
    {
       "Id": "97",
       "RestaurantName": "Vetri Cucina",
       "Address": "1312 Spruce Street Philadelphia, PA 19107",
       "Phone": "(215) 732-3478",
       "HoursOfOperation": "Dinner Daily (Tasting Menu Only, $165 Per Person): Sunday 5:00-9:00pm Monday-Thursday 6:00-9:30pm Friday-Saturday 5:45-9:45pm Friday Lunch (Four-Course, Prix Fixe Menu, $85 Per Person): Every Friday 11:30am-1:00pm BYO Every Monday Night (no corkage fee)",
       "Price": "$50 and over",
       "USACityLocation": "Philadelphia",
       "Cuisine": "Italian",
       "FoodRating": "2.00",
       "ServiceRating": "0.00",
       "AmbienceRating": "2.00",
       "OverallRating": "1.00",
       "OverAllPossibleRating": "5.00",
       "End of Record Indicator": "!end"
    },
    {
       "Id": "98",
       "RestaurantName": "Yvonne's",
       "Address": "2 Winter Place Boston, MA 02108",
       "Phone": "(617) 267-0047",
       "HoursOfOperation": "Supper Monday - Sunday 5:00 PM - 11:00 PM Bar Monday - Sunday 4:00 PM - 2:00 AM",
       "Price": "$30 and under",
       "USACityLocation": "Boston",
       "Cuisine": "Global / International",
       "FoodRating": "1.00",
       "ServiceRating": "4.00",
       "AmbienceRating": "1.00",
       "OverallRating": "2.50",
       "OverAllPossibleRating": "5.00",
       "End of Record Indicator": "!end"
    },
    {
       "Id": "99",
       "RestaurantName": "Zahav",
       "Address": "237 Saint James Place Philadelphia, PA 19106",
       "Phone": "(215) 625-8800",
       "HoursOfOperation": "DINNER: Sunday - Thursday: 5:00pm - 10:00pm, Friday & Saturday: 5:00pm - 11:00pm HAPPY HOUR: Monday - Friday: 5:00pm - 6:00pm",
       "Price": "$31 to $50",
       "USACityLocation": "Philadelphia",
       "Cuisine": "Middle Eastern",
       "FoodRating": "0.00",
       "ServiceRating": "5.00",
       "AmbienceRating": "2.00",
       "OverallRating": "2.00",
       "OverAllPossibleRating": "5.00",
       "End of Record Indicator": "!end"
    },
    {
       "Id": "100",
       "RestaurantName": "Zero Restaurant + Bar",
       "Address": "0 George St Charleston, SC 29401",
       "Phone": "(843) 628-3480",
       "HoursOfOperation": "Dinner: Tuesday - Sunday: 5:00pm - 10:00pm Happy Hour: Tuesday - Sunday: 5:00pm - 6:00 pm",
       "Price": "$50 and over",
       "USACityLocation": "Charleston",
       "Cuisine": "Contemporary American",
       "FoodRating": "3.00",
       "ServiceRating": "3.00",
       "AmbienceRating": "3.00",
       "OverallRating": "3.25",
       "OverAllPossibleRating": "5.00",
       "End of Record Indicator": "!end"
    }
]
